IPs,Names
64.7.147.163,jellowe,
81.153.104.86,chrispyrah,
86.182.178.238,darklord_nick,
72.209.19.105,jedi19,
41.133.14.119,nazana,
174.52.42.149,lilbugga,walri,
75.19.152.92,mr_b_01,
124.179.237.139,brett616,
110.32.19.229,caslu15,
86.186.94.251,darklord_nick,
210.183.122.149,maciekwys,
50.33.37.187,thapizzadude,
174.89.23.206,statis14,
67.173.62.241,kupohunter,
123.248.144.184,old_faithful,
67.43.140.202,jellowe,pig_pilot,
217.168.95.225,djrasus,oddmund98,
12.179.200.112,risingc02levels,
86.135.73.4,darklord_nick,
50.99.6.6,captainwildgun,
124.171.91.250,akas11,
75.17.201.33,cshfd,
58.111.90.145,caslu15,
174.114.28.233,chamunks,arkturus,
86.185.153.83,darklord_nick,
68.55.255.61,wwesass,
64.134.184.84,feknum,
86.174.57.130,darklord_nick,
98.23.145.43,promw3stewy388,
64.7.156.180,cptnjtk,jellowe,
71.192.1.83,gingerbreadman45,
206.51.70.98,theradeondude,
76.111.133.174,slapdragon2,
24.95.37.198,exoticwaffle,
86.168.31.188,darklord_nick,
82.3.138.253,harrison_parton,
97.116.111.206,sdscap1,
41.132.219.57,nazana,
58.168.198.248,funkyboy232,
81.167.102.96,sondi89,
75.17.203.68,cshfd,
75.17.209.65,cshfd,
70.113.113.253,captainfire101,
173.33.47.247,rockin,
174.52.46.229,lilbugga,
173.66.41.35,spicbrahh,
86.42.31.187,copat21,
98.23.128.211,promw3stewy388,
41.135.121.165,x3llis,
86.41.1.207,copat21,
86.168.17.86,iancrew,
67.43.142.81,jellowe,
74.108.13.18,archosmanf,
96.22.81.162,dragonlordhell,
216.246.253.148,cptfishrprice,
172.218.24.219,jtbirdie,
172.218.30.97,jtbirdie,
69.180.187.113,ultimateroxas,
96.241.127.77,browngork,spicbrahh,
221.148.67.217,old_faithful,
72.81.130.60,manyman1234,
97.116.106.66,sdscap1,
71.35.15.22,tomo17able,
121.223.3.35,mckerlie,
76.10.170.235,bev_ster,
76.10.163.88,bev_ster,
174.88.23.154,statis14,
12.179.216.130,toxic_dirt,
174.52.54.158,lilbugga,walri,
207.216.214.181,pdrobot,
121.219.55.42,lolsucka,
86.135.73.50,darklord_nick,
69.123.22.141,jason50356,
68.111.79.29,kennenisop,
71.224.155.39,max_tornetta,
107.3.204.60,rs_is_da_best,
86.140.65.73,darklord_nick,
206.130.91.201,cptnjtk,jellowe,
69.182.52.123,cjisdabeast,
75.17.193.5,cshfd,
71.200.42.91,timgrabben123,kilker2,
115.40.130.27,old_faithful,
206.130.91.203,cptnjtk,
75.17.209.39,cshfd,
98.247.180.92,8lazybones8,
173.72.196.215,bld311,
70.155.95.170,toxic_dirt,
115.64.18.39,blokk33,
68.92.101.111,terminater800,
70.155.95.178,toxic_dirt,
121.216.30.218,loool3,
99.186.92.68,xbluebird,
206.130.91.23,jellowe,
76.7.234.6,james_beast1998,
206.130.91.29,jellowe,
64.7.151.214,cptnjtk,
75.73.157.244,ninjadude1998,
76.7.235.26,john_beast_2002,
86.44.74.212,vanilla_heart,
118.208.38.96,muzzer018,
109.150.221.31,nupos,
67.65.239.224,terminater800,
76.7.230.9,john_beast_2002,
98.68.177.137,jared526,cooper0204,
67.65.239.123,terminater800,
67.220.42.44,dogbitehard,
75.119.248.55,bev_ster,
98.23.133.235,promw3stewy388,
50.53.87.124,thysam,
211.30.207.246,e13mentzz,
78.72.103.38,mrgeorgeharrison,
99.236.251.54,vendosa,
66.140.104.14,terminater800,
67.242.168.151,sebastiankinsler,wexball,
108.32.187.108,kraken450,
99.235.215.62,vendosa,
66.140.101.43,terminater800,
99.56.3.175,ramennooodles,
64.7.147.180,cptnjtk,jellowe,
84.84.66.185,kajv95,
118.38.147.59,countertime,
24.214.175.123,mastercrafter22,
124.182.161.150,lbolego,
99.254.163.92,5up3rl1m3,221mooman221,
86.44.74.235,vanilla_heart,
64.134.175.131,5up3rl1m3,
69.245.5.7,jpredsforlife6,
68.91.16.193,terminater800,
87.102.124.153,blaze1029,
67.43.142.9,jellowe,
174.4.4.58,honeydoooo,
24.136.38.215,i_midnight_i,
86.41.14.130,copat21,
78.69.195.8,mrgeorgeharrison,
108.213.209.194,risingc02levels,
98.68.162.9,jared526,
110.32.19.182,caslu15,
24.141.113.4,warriormaximus,
72.133.203.176,villalex,
99.165.238.242,messageofdeath,
64.216.47.40,terminater800,
71.171.38.130,flamelier,
201.229.47.71,caitypaity00,
65.6.102.182,glitchingpanda,
24.13.83.245,torchrob,
86.81.159.181,deadcreator,
96.35.26.193,sonofdside,
24.13.86.30,chdunk,
92.40.254.174,alexxd9,
86.42.184.63,seansaula,vanilla_heart,
68.185.243.134,darksilence43,
72.86.34.164,bradenfol,
206.130.91.69,cptnjtk,
86.167.206.103,darklord_nick,
41.135.121.203,x3llis,
69.120.196.82,verycooldude4321,
121.210.210.96,acidrainpour1234,
188.123.253.1,max171814,
86.42.23.147,copat21,
70.254.224.180,butterbeancup,
201.229.17.36,kingvinol20,
121.223.119.12,aero_9,vaporrrr,jackoisawesome,
201.229.2.247,mattiaruba,
173.213.183.239,noobofhistory18,
80.223.177.248,baktria,
70.22.244.140,thelastexorcist,
213.91.246.130,drentar,
76.214.195.105,pokelots,
184.57.36.62,ms201,
64.7.151.6,jellowe,
98.68.168.39,jared526,
78.100.202.87,hamadawana,
173.88.49.46,crazyirion11,
86.44.69.19,copat21,
67.43.137.238,cptnjtk,jellowe,
58.111.95.13,caslu15,
95.150.170.14,tomzawesome32,
85.83.6.220,monkeymanftw,
70.252.131.0,american_piro,
108.202.245.179,funnydude59249,
58.111.75.203,caslu15,
206.130.91.87,jellowe,
68.89.240.254,terminater800,
68.111.133.10,johnanater,ianmonsters,
69.165.162.241,bev_ster,
173.190.21.4,tjasteelers,
202.159.167.138,glitchsteal,
96.53.205.70,crusher200,
67.43.140.69,jellowe,
86.44.70.191,copat21,
99.236.151.26,draco7777,
67.21.102.29,dogbitehard,
99.236.181.114,cptfishrprice,andkon,
65.95.20.112,cptnjtk,
174.131.51.163,atonic_boy,
92.40.253.69,alexxd9,
24.127.242.109,evan3210,
75.17.209.19,cshfd,
24.234.102.81,ericho93,
99.165.236.52,messageofdeath,
74.103.164.51,littlemancrush,
86.42.17.121,vrazzety,
58.160.162.97,tom123453911,
206.51.70.116,theradeondude,
68.111.169.110,ianmonsters,
64.7.157.92,cptnjtk,
64.7.157.208,jellowe,
122.111.232.225,reorx66,
76.26.26.111,young_bug,
216.246.245.142,cptfishrprice,
74.248.59.98,alexcorley,
108.170.161.5,carlos58,
24.245.49.9,miner2814,
174.103.165.162,pbdion,
120.146.77.167,loool3,
138.130.226.211,zobbes,
99.65.165.22,gunnercage,
66.140.101.90,terminater800,
90.190.36.152,crazysass,
86.185.152.72,darklord_nick,
118.38.147.227,tss95,maciekwys123,
72.70.53.168,yurekajr,
98.23.134.74,promw3stewy388,
92.40.254.45,alexxd9,
97.83.150.66,trazil,
75.22.72.187,gsand,
68.185.133.112,caiden1000,hook1221,besterpuss,
92.40.253.129,alexxd9,
71.107.30.168,kennenisop,
75.17.202.91,cshfd,
72.227.237.97,awesomebhs,
64.7.156.34,pig_pilot,jellowe,
86.46.21.4,copat21,
98.220.243.212,mundantcrafter,
94.172.144.157,m1nxy,
99.236.48.181,shenanimar,
86.45.63.148,vanilla_heart,copat21,
109.156.230.3,darklord_nick,
184.91.50.167,atomickyle,
76.11.136.199,tjasteelers,
174.113.140.12,assassinpenguin,
108.52.6.51,toxic_dirt,
24.96.180.75,mastercrafter22,
209.197.166.191,cptfishrprice,
71.12.255.228,cb3789,
206.248.172.199,arkturus,chamunks,
50.92.141.9,jordanhortee,
64.7.147.128,cptnjtk,jellowe,
64.7.147.227,jellowe,
81.151.10.215,darklord_nick,
68.43.34.28,enderdragon24,doctorwhos,
101.162.79.34,zobbes,
207.119.115.199,naukis,
108.85.140.181,shadowmasterz99,
64.7.156.208,jellowe,
99.236.236.224,bradwyse,
41.135.121.231,x3llis,
86.41.1.114,seansaula,copat21,
118.38.147.201,amund0710,
108.170.161.14,carlos58,
67.164.214.209,padeli,
75.81.35.220,tr1x_r4_sn1p3rs,
173.64.81.132,manyman1234,
109.152.81.122,darklord_nick,
86.44.76.111,copat21,
75.27.245.205,wser7,
124.170.120.158,deathsunotu,
58.111.143.84,strangio,
87.102.126.123,blaze1029,
125.152.228.205,melonsmasher123,
24.30.175.158,ewok824,
207.119.118.234,naukis,
71.195.211.50,pippsqueek4113,
76.164.69.152,darkfire290,
174.79.3.185,epicman6767,
75.21.50.187,mr_b_01,
60.240.110.226,jwill744,
24.163.137.229,eman1000,
76.98.36.16,groezy,
99.249.234.160,urthatkid,
76.126.106.189,devon913,
201.229.27.50,caitypaity00,
86.155.219.186,epiclobsterz,
76.7.232.197,john_beast_2002,
108.18.205.147,thegoldencrown,
98.237.188.126,death890,
99.236.84.7,shenanimar,
86.46.31.195,copat21,
24.118.107.157,samsonitis1596,
64.7.151.95,cptnjtk,jellowe,
99.236.196.126,kilborn119,
24.59.63.92,lizkrieger,
86.42.17.212,seansaula,copat21,
109.151.159.215,nupos,
58.167.49.213,marty1985,
70.26.140.222,razer1000,razer2700,
81.234.89.182,akashiyamoka,
75.15.165.42,american_piro,
24.71.249.98,mad_man14,
109.76.128.213,olzifer,
75.73.112.171,ultimateroxas,
99.8.209.223,tr1x_r4_sn1p3rs,
64.7.151.99,cptnjtk,
67.5.103.137,littleazni3oy,
175.143.137.246,wayjien,
76.10.170.125,bev_ster,
67.43.140.145,jellowe,
86.46.23.49,copat21,
68.146.214.108,gunney2,
86.42.180.240,copat21,vrazzety,
75.87.228.25,justin13692,
174.113.170.246,1cruiser1,
204.195.42.162,lil_fender,
99.231.214.46,arkturus,
207.164.79.41,arkturus,
